premise_type,premise
creative,Two rivals in a political campaign debate their policies during a televised interview.
creative,A pair of pirates argue over the best route to find buried treasure.
creative,Two high school students discuss their strategies for passing a challenging exam.
creative,An artist and a critic argue about the meaning of a controversial painting.
creative,Two neighbors dispute over a boundary line between their properties.
creative,A parent and a teenager negotiate curfew times.
creative,Two old friends reminisce about a wild adventure from their youth.
creative,A scientist and a journalist discuss the implications of a new discovery.
creative,Two hikers get lost in the woods and try to find their way back to the trail.
creative,A magician and their apprentice plan a new magic trick for a big show.
creative,Two sports fans argue over which team is the greatest of all time.
creative,A novelist and their editor debate changes to a manuscript.
creative,Two strangers meet at a bus stop and share their life stories.
creative,An inventor and a potential investor discuss a groundbreaking new device.
creative,A king and his advisor discuss strategies for winning a war.
creative,Two siblings argue over how to handle their parents' estate.
creative,A director and an actor rehearse a crucial scene for a play.
creative,Two roommates discuss the house rules for living together.
creative,An environmentalist and a business executive debate the impact of a new factory.
creative,Two historians discuss the implications of a newly discovered artifact.
creative,A teacher and a parent discuss the student's performance in school.
creative,Two secret agents plan a covert mission.
creative,A fashion designer and a model argue about the design of a new dress.
creative,Two gamers strategize how to beat the final level of a video game.
creative,A detective and a witness discuss the details of a crime scene.
creative,Two animals in a forest talk about the changing seasons.
creative,A superhero and their sidekick plan how to stop a villain's plot.
creative,Two musicians collaborate on writing a new song.
creative,A pilot and a flight attendant handle a mid-air emergency.
creative,Two doctors debate the best treatment for a critically ill patient.
creative,A librarian and a patron discuss the importance of a rare book.
creative,Two soldiers on a battlefield discuss their hopes and fears.
creative,A bartender and a customer talk about life over a drink.
creative,Two gardeners debate the best way to grow a particular plant.
creative,A professor and a student discuss the topic of a thesis.
creative,Two construction workers plan the next phase of a building project.
creative,A fortune teller and a client discuss the client's future.
creative,Two explorers debate the significance of an ancient map.
creative,A journalist and a celebrity discuss the nature of fame.
creative,Two characters from a fairy tale argue about the moral of their story.
creative,A wedding planner and a bride argue over wedding details.
creative,Two ghosts in a haunted house talk about the new tenants.
creative,A zookeeper and a visitor discuss the habits of a rare animal.
creative,A detective and a hacker discuss the clues in a cybercrime case.
creative,Two rival tech company CEOs debate the future of technology.
creative,A playwright and an actor discuss the interpretation of a character in a new play.
creative,Two taxi drivers compare their craziest passenger stories.
creative,A child and an imaginary friend plan their next adventure.
creative,Two retired athletes reminisce about their glory days.
creative,A chef and a food critic discuss the philosophy of cuisine.
creative,Two astronauts debate the ethical implications of colonizing Mars.
creative,A comedian and an audience member argue over a controversial joke.
creative,Two scientists in a lab argue over the potential risks of an experiment.
creative,A ghost and a living person discuss the afterlife.
creative,Two mountain climbers strategize their ascent of a difficult peak.
creative,Two rivals debate the impact of social media on society.
creative,Two teachers argue over the best way to inspire their students.
creative,A philanthropist and a beneficiary discuss the goals of a new charity.
creative,Two historians debate the causes of an ancient civilization's collapse.
creative,Two environmental activists plan their next protest.
creative,A choreographer and a dancer debate the vision for a performance.
creative,Two astronauts deal with a malfunction on their spacecraft.
creative,Two AI developers discuss the future of artificial intelligence.
creative,A patient and a doctor discuss a difficult diagnosis.
creative,Two detectives argue over the best approach to solve a case.
creative,A musician and a fan discuss the impact of their music.
creative,Two politicians debate healthcare policies.
creative,Two rival journalists investigate a high-profile case.
creative,Two friends debate the best way to travel the world.
creative,A lawyer and a judge discuss the merits of a legal case.
creative,Two chefs argue over the secret ingredient in a recipe.
creative,Two librarians discuss the curation of a new exhibit.
creative,A coach and an athlete plan a training regimen.
creative,Two adventurers debate the best route through a dangerous jungle.
creative,A director and a producer argue about the budget for a film.
creative,Two colleagues compete for a promotion at their job.
creative,Two astronauts reminisce about their first spacewalk.
creative,A social worker and a client discuss steps to improve the client's life.
creative,Two fashion designers argue over the direction of their new collection.
creative,A professor and a visiting lecturer debate a controversial topic.
creative,Two activists discuss strategies for their campaign.
creative,A writer and an editor discuss the narrative of a new book.
creative,Two engineers brainstorm solutions to a technical problem.
creative,A therapist and a client discuss coping mechanisms for stress.
creative,Two neighbors plan a community event.
creative,Two chefs discuss the culinary trends of the year.
creative,A scientist and an ethicist debate the implications of a new technology.
creative,Two artists collaborate on a public art project.
creative,Two sailors navigate through a stormy sea.
creative,A veterinarian and a pet owner discuss the best care for a beloved animal.
neutral,Alice and Bob are coworkers in an office job. They talk about what they're working on.
neutral,Alice and Bob are neighbors. They discuss plans for the upcoming community event.
neutral,Alice and Bob volunteer together at a local community center. They discuss what types of projects theyâ€™d like to work on next.
neutral,Alice and Bob visit a local market. They discuss the various stalls and products.
neutral,Alice and Bob attend a community picnic. They discuss the types of events held in their community.
neutral,Alice and Bob attend an evening class together. They discuss their interests in various hobbies and activities.
neutral,Alice and Bob attend a concert. They discuss different music genres.
neutral,Alice and Bob are members of a local historical society. They discuss a variety of upcoming events they are interested in.
neutral,Alice and Bob regularly commute on the same train. They discuss different commuting experiences.
neutral,Alice and Bob participate in a local craft fair. They discuss their interest in handmade goods.
neutral,Alice and Bob are tourists in a city. They discuss the attractions they plan to visit.
neutral,Alice and Bob meet at a DIY workshop. They discuss home improvement projects.
neutral,Alice and Bob often meet at a public park. They discuss the changes in the park over the seasons.
neutral,Alice and Bob take a yoga class together. They discuss their experiences with different yoga styles.
neutral,Alice and Bob explore a science museum. They discuss their interest in science and technology.
neutral,Alice and Bob meet for a language exchange. They discuss their experiences learning new languages.
neutral,Alice and Bob are members of a hiking club. They discuss trails they have hiked.
neutral,Alice and Bob meet at a cinema. They discuss movies they have recently seen.
neutral,Alice and Bob share a community garden plot. They discuss gardening techniques.
neutral,Alice and Bob take a cooking class together. They discuss their cooking experiences.
neutral,Alice and Bob go bird watching. They discuss bird species they are familiar with.
neutral,Alice and Bob attend a fashion show. They discuss fashion trends.
neutral,Alice and Bob attend a tech conference. They discuss emerging technologies.
neutral,Alice and Bob are members of a local sports club. They discuss different sports.
neutral,Alice and Bob attend a creative workshop. They discuss different creative outlets.
neutral,Alice and Bob help plan a local event. They discuss logistical needs and coordination.
neutral,Alice and Bob form a team at a quiz night. They discuss their general knowledge.
neutral,Alice and Bob visit an aquarium. They talk about marine life.
neutral,Alice and Bob cycle together on weekends. They discuss cycling routes.
neutral,Alice and Bob volunteer at a nature reserve. They discuss wildlife conservation.
neutral,Alice and Bob meet at an astronomy club. They discuss celestial events.
neutral,Alice and Bob attend a play at a local theater. They discuss various play genres.
neutral,Alice and Bob play board games at a local cafe. They discuss game strategies.
neutral,Alice and Bob attend a tea tasting event. They discuss the variety of teas available.
neutral,Alice and Bob participate in a community art project. They discuss community involvement in art.
neutral,Alice and Bob attend a film festival. They discuss the films showcased.
neutral,Alice and Bob participate in a wellness workshop. They discuss well-being practices.
neutral,Alice and Bob visit an antique fair. They discuss the history behind various items.
neutral,Alice and Bob visit an art gallery. They discuss their interpretations of different artworks.
neutral,Alice and Bob go kayaking. They discuss water sports.
neutral,Alice and Bob discuss their interest in outdoor activities.
neutral,Alice and Bob volunteer at a local festival. They discuss the organization of community events.
neutral,Alice and Bob work on a rooftop garden. They discuss urban gardening.
neutral,Alice and Bob attend a culinary exploration event. They discuss different food cultures.
neutral,Alice and Bob grow herbs in their apartments. They discuss herb gardening.
neutral,Alice and Bob attend a literary festival. They discuss various authors and books.
neutral,Alice and Bob attend a workshop on sustainable living. They discuss sustainability practices.
neutral,Alice and Bob are amateur historians. They discuss local history.
neutral,Alice and Bob plan a potential travel adventure. They discuss destinations.
neutral,Alice and Bob attend a handcraft workshop. They discuss various crafting techniques.
neutral,Alice and Bob attend a vintage car show. They discuss car restoration.
neutral,Alice and Bob take a creative writing class. They discuss storytelling techniques.
neutral,Alice and Bob are volunteer firefighters. They discuss fire safety.
neutral,Alice and Bob visit an arcade. They discuss the different games available.
neutral,Alice and Bob tour heritage buildings. They discuss architectural styles.
neutral,Alice and Bob attend a local chess event. They discuss the event's organization and participants.
neutral,Alice and Bob browse a second-hand bookshop. They discuss finding rare books.
neutral,Alice and Bob explore gourmet cooking. They discuss exotic ingredients.
neutral,Alice and Bob go to a stand-up comedy show. They discuss humor styles.
neutral,Alice and Bob test eco-friendly products. They discuss their environmental impact.
neutral,Alice and Bob help paint a community mural. They discuss art in public spaces.
neutral,Alice and Bob take up ice skating. They discuss learning new sports.
neutral,Alice and Bob go mountain biking. They discuss biking gear.
neutral,Alice and Bob sell items at a flea market. They discuss sales tactics.
neutral,Alice and Bob solve a complex puzzle together. They discuss problem-solving.
neutral,Alice and Bob watch foreign films. They discuss cultural insights.
neutral,Alice and Bob build robots as a hobby. They discuss robotics.
neutral,Alice and Bob attend a Pilates class. They discuss health benefits.
neutral,Alice and Bob collect art. They discuss the value of art collecting.
neutral,Alice and Bob research their family genealogies. They discuss historical findings.
neutral,Alice and Bob read mystery novels. They discuss plot twists.
neutral,Alice and Bob attend a workshop on sustainable practices. They discuss how to incorporate sustainability into daily life.
neutral,Alice and Bob play retro video games. They discuss gaming history.
neutral,Alice and Bob plan a scuba diving trip. They discuss marine ecosystems.
neutral,Alice and Bob compete in a jigsaw puzzle competition. They discuss strategy and technique.
neutral,Alice and Bob explore virtual reality worlds. They discuss VR experiences.
neutral,Alice and Bob race go karts. They discuss racing techniques.
neutral,Alice and Bob learn soap making. They discuss crafting.
neutral,Alice and Bob are members of a documentary film club. They discuss documentary subjects.
neutral,Alice and Bob use a local makerspace. They discuss project ideas.
neutral,Alice and Bob explore street food. They discuss culinary diversity.
neutral,Alice and Bob participate in a mystery-solving event. They discuss the process of deduction.
neutral,Alice and Bob explore urban areas. They discuss urban exploration.
neutral,Alice and Bob attend a tattoo art convention. They discuss tattoo designs and meanings.
neutral,Alice and Bob plan a weekend getaway. They discuss potential destinations.
neutral,Alice and Bob are members of a public speaking club. They discuss speech topics.
neutral,Alice and Bob participate in a city run. They discuss their preparation for the event.
neutral,Alice and Bob discuss digital art and graphic design.
neutral,Alice and Bob help each other learn a new language. They discuss learning methods.
neutral,Alice and Bob watch a historical documentary. They discuss historical events.
neutral,Alice and Bob discuss budget travel options and tips.
neutral,Alice and Bob participate in an ecology walk. They discuss local ecosystems.
neutral,Alice and Bob discuss their latest non-fiction reads.
neutral,Alice and Bob discuss designing a public garden.
neutral,Alice and Bob cook dishes from different parts of the world. They discuss cooking techniques.
neutral,Alice and Bob organize a series of workshops. They discuss different workshop themes.
neutral,Alice and Bob discuss the themes in their latest book club read.
neutral,Alice and Bob attend a meetup for local authors. They discuss writing processes.
neutral,Alice and Bob host a virtual game night. They discuss organizing online events.
neutral,Alice and Bob are siblings. They discuss what they should do for their mother's upcoming birthday.
